¥_½n,ªF¸g
24.954,121.189
,
24.9541,121.1891
24.954,121.1891
24.954,121.1891
24.954,121.1891
24.955,121.1898
24.955,121.1896
24.955,121.1896
24.955,121.1897
24.9548,121.1897
24.9549,121.1897
24.9548,121.1897
24.9548,121.1897
24.9548,121.1898
24.9548,121.1897
24.9548,121.1897
24.9549,121.1897
24.955,121.1898
24.955,121.1898
24.955,121.1898
24.9549,121.1898
24.9572,121.1946
24.9572,121.1946
24.9574,121.2028
24.9574,121.2028
24.9575,121.2028
24.9575,121.2029
24.9576,121.2029
24.9576,121.2029
24.9583,121.2028
24.9584,121.2028
24.9584,121.2028
24.9584,121.2028
24.9587,121.2033
24.9589,121.2073
24.9589,121.2074
24.9589,121.2089
24.9606,121.2103
24.9646,121.2169
24.9635,121.2173
24.9633,121.2173
24.9626,121.2192
24.9626,121.2193
24.9626,121.2193
24.9626,121.2193
24.9626,121.2193
24.9628,121.22
24.9664,121.2208
24.9664,121.221
24.9663,121.2211
24.966,121.2246
24.9657,121.2258
24.9657,121.2259
24.9658,121.2259
24.9658,121.226
24.963,121.23
24.963,121.23
24.963,121.23
24.9629,121.23
24.9609,121.2315
24.9542,121.2373
24.9541,121.2373
24.9541,121.2373
24.9541,121.2373
24.9542,121.2373
24.9558,121.2351
24.9551,121.2262
24.9552,121.2261
24.9562,121.2246
24.9577,121.222
24.9577,121.222
24.9581,121.219
24.9581,121.219
24.9586,121.2162
24.9612,121.2115
,
24.9612,121.2115
24.9612,121.2115
24.9613,121.2115
24.9612,121.2115
24.9612,121.2114
24.9613,121.2115
24.9613,121.2115
24.96,121.2098
24.96,121.2097
24.96,121.2097
24.9589,121.2066
24.9589,121.2066
24.9589,121.2066
24.9571,121.2025
24.957,121.198
24.9541,121.1891
24.9541,121.1891
24.9541,121.1891
24.954,121.1891
24.954,121.189
24.954,121.189
24.9541,121.1891
24.9541,121.1891
24.9541,121.1892
24.9551,121.1897
24.955,121.1897
24.9549,121.1897
24.9551,121.1898
24.955,121.1899
24.955,121.1898
24.955,121.1898
24.955,121.1897
24.9549,121.1897
24.9571,121.2019
24.9574,121.2028
24.9587,121.2029
24.962,121.2081
24.9659,121.2172
24.9659,121.2173
24.9664,121.2214
24.9663,121.2215
24.9659,121.2236
24.966,121.2236
24.9657,121.226
24.9657,121.226
24.9657,121.2259
24.9657,121.2259
24.9657,121.226
24.9657,121.226
24.9609,121.2315
24.9564,121.2355
24.9591,121.2416
24.9591,121.2415
24.9591,121.2414
24.9591,121.2414
24.9585,121.239
24.9584,121.239
24.9567,121.2392
24.9565,121.2393
24.9555,121.2405
24.9541,121.2375
24.9541,121.2374
24.9541,121.2374
24.9541,121.2374
24.9547,121.2364
24.9623,121.2227
24.9623,121.2227
24.9626,121.2195
24.9625,121.2189
24.9625,121.2189
24.9625,121.2189
24.9625,121.2189
24.9626,121.219
24.9626,121.219
24.9614,121.2113
24.9614,121.2113
24.9612,121.2115
24.9612,121.2115
24.9612,121.2116
24.9612,121.2116
24.9612,121.2116
24.9612,121.2116
24.9612,121.2115
24.9612,121.2115
24.9612,121.2115
24.9612,121.2115
24.9612,121.2115
24.9612,121.2115
24.9612,121.2116
24.9612,121.2116
24.9612,121.2116
24.96,121.2097
24.96,121.2097
24.9599,121.2097
24.9589,121.2065
24.9585,121.2028
24.957,121.1985
24.9569,121.1985
24.9571,121.1945
24.955,121.1896
,
24.955,121.1897
24.955,121.1897
24.9549,121.1897
24.9548,121.1897
24.9548,121.1897
24.9548,121.1897
24.9548,121.1897
24.9548,121.1897
24.9549,121.1897
24.9548,121.1897
24.9548,121.1898
24.9572,121.2019
24.9575,121.2028
24.9575,121.2028
24.9575,121.2028
24.9665,121.221
24.9665,121.221
24.966,121.2237
24.966,121.2237
24.9657,121.2259
24.9657,121.226
24.9658,121.226
24.9658,121.2261
24.9658,121.2261
24.9656,121.2275
24.9628,121.2301
24.962,121.2307
24.9621,121.2307
24.9594,121.2326
24.9591,121.2417
24.9591,121.2414
24.9591,121.2413
24.9591,121.2413
24.9591,121.2413
24.9538,121.2381
24.9539,121.2379
24.9542,121.2375
24.9542,121.2375
24.9542,121.2375
24.9542,121.2375
24.9542,121.2375
24.9542,121.2375
24.9542,121.2375
24.9542,121.2375
24.9543,121.2375
24.9543,121.2375
24.9542,121.2375
24.9542,121.2374
24.9542,121.2374
24.9569,121.234
24.9569,121.2273
24.9625,121.2224
24.9624,121.2223
24.9626,121.2192
24.9626,121.2192
24.9627,121.2192
24.9627,121.2192
24.9627,121.2192
24.9626,121.2175
24.9613,121.2116
24.9613,121.2116
24.9613,121.2116
24.9613,121.2116
24.9612,121.2116
24.9612,121.2116
24.9612,121.2109
24.959,121.2069
24.959,121.2069
24.9589,121.2068
24.9571,121.2028
24.957,121.2015
24.9584,121.1919
24.955,121.1896
24.955,121.1896
24.955,121.1896
24.955,121.1896
24.955,121.1898
24.9549,121.1898
24.9549,121.1898
24.9549,121.1898
24.9549,121.1898
24.9549,121.1898
24.9548,121.1897
24.9548,121.1897
24.9542,121.1891
24.9541,121.1891
24.9541,121.1891
24.9541,121.1891
24.9588,121.1921
24.9587,121.1921
24.9572,121.1944
24.9567,121.205
24.9567,121.2049
24.9567,121.2049
24.9514,121.2073
24.9504,121.2134
24.9504,121.2135
24.9511,121.2185
24.9527,121.2214
24.9556,121.2356
24.9558,121.2357
24.9593,121.2414
24.9593,121.2414
24.9592,121.2414
24.9591,121.2414
24.9591,121.2415
24.9541,121.2374
24.9541,121.2374
24.9541,121.2374
24.9541,121.2374
24.9541,121.2374
24.9541,121.2374
24.9541,121.2374
24.9541,121.2374
24.9541,121.2374
24.9541,121.2374
24.9541,121.2373
24.9541,121.2373
24.9541,121.2374
24.9541,121.2373
24.9541,121.2373
24.9546,121.2366
24.9636,121.2294
24.9636,121.2294
24.9656,121.2257
24.9655,121.2259
24.9654,121.2259
24.9654,121.2259
24.9654,121.2259
24.9654,121.2259
24.9654,121.2259
24.9654,121.2259
24.9654,121.2259
24.9654,121.2259
24.9654,121.2259
24.9654,121.2259
24.9655,121.226
24.9656,121.2261
24.9654,121.2167
24.9624,121.2193
24.9624,121.2193
24.9624,121.2193
24.9624,121.2193
24.9624,121.2193
24.9624,121.2193
24.9624,121.2193
24.9624,121.2193
24.9624,121.2193
24.9625,121.2193
24.9626,121.2193
24.9624,121.2176
24.9612,121.2113
24.9612,121.2113
24.9612,121.2113
24.9613,121.2114
24.9613,121.2114
24.9613,121.2114
24.9613,121.2114
24.9613,121.2114
24.9613,121.2114
24.9613,121.2115
24.959,121.2067
24.9585,121.2028
24.9571,121.2029
24.9571,121.2028
24.957,121.2015
24.957,121.2015
24.9584,121.192
24.9548,121.1899
24.9547,121.1899
24.9547,121.1899
24.9547,121.1899
24.9547,121.1899
24.9547,121.1899
24.9547,121.1899
24.9539,121.189
